photo_id,photographer_username
XMyPniM9LF0,michellespencer77
rDLBArZUl1c,ugmonk
cNDGZ2sQ3Bo,johnprice
iuZ_D1eoq9k,krisatomic
BeD3vjQ8SI0,jonaseriksson
dO0KS_QGnzY,raychsy
ocwmWiNAWGs,jakegivens
cGe1PV_yEso,jeremydgreat
WKt6okFYtg4,worldsbetweenlines
JwLj2hCxuyI,anthonydelanoix
Luwp6HZB2Oo,alwig64
GfuxOPaitSs,r_shayesrehpour
2KXEb_8G5vo,kazuend
UhlE4FBAXgo,plasticmind
scUJH30sgG4,lucabravo
1NKYcxSIw8g,hbango
ke-sGAA8w64,randomlies
PewUcrT1yIw,freephotosbydawn
xapxF7PcOzU,tkolczak33
yBXLjBteptw,goodfreephoto_com
DqYw4KMZYOE,romainbriaux
mqtn_g1ogIY,ericlagergren
hSVAoeksQ7c,photomattjack
-uzgaA9LfNw,killerfvith
YN0TsnkaZBU,photohunter
JHHDUs23wjA,drew_hays
bW2vHKCxbx4,macphun
4brY6pFNZMg,johnnyabroad
YWhRvW7KRJY,clemono
OBkWp-1lxjM,cosmictimetraveler
AZMmUy2qL6A,kimsondoan
wkRHXxsZTvc,kevinhou
rg3F_zlBlnA,aridley88
XlFGKCeuIOw,claybanks
iBh14jRMBI4,azntaiji
EfhCUc_fjrU,andsmall
-grKZ-GzWyU,lucabravo
4xb7hurRzIU,marco4no
5q5CAz_bOAg,drscythe
j9NRVGf6Vo4,mnelson
sG128uJZdMU,marekssteins
OSwea3yxjT0,heftiba
bEwKUiMvsLM,jakobowens1
ugcMN98SYIk,fiveohfilms
pO16AqrOa80,zebedeerox
U_gVev6vaok,huguesdb
nuMmwfyPOUw,thegreatcatwar
kkJuQhp9Kw0,theheartdept
88Kt5KHUe_8,dallehj
4_Bc9CSm70A,osmanrana_312457_sink
ZEd44nDPTfA,schiffer_foto
Y9rurJkOVxk,randomlies
TfrraGFywuQ,ross_sokolovski
c8_nS7lF3eo,borisworkshop
F0dmGPe2KG0,peterlaster
PAnGAiaSPh0,jeremybishop
5KNecHxjTnI,anniespratt
Sq44zuvuYuQ,nicole_k
b-0AT81Z5MA,chuttersnap
83zRhEhFMfo,_imkiran
fvRMiI6KFI4,katoo00768
sQgW0mQ1CY0,cjoudrey
sUO1FYKPsHw,semajjat
tu5JVdcsUus,zombience
ajKHcwvii0I,ajgarciaco
TMikIBgzns4,designerjaeger
7MMP0CHyl9o,nathananderson
6J_qm8DJWnY,matheusmkohler
ai5VAG9UOUM,ajcolores
-BZc9Ee1qo0,niiloi
QqRuDeIXb5I,jeremyperkins
zNv1vwEShic,anniespratt
ewgeSo_WYYE,bruno_nascimento
cokIcMulPJA,miless
jSjgQmaQtVQ,lukaslinden
0Act4VHAn1U,joshuafuller
GMsu5-mw7Bs,frogfather
sPGETxyXQ88,eberhardgross
8G85qt-OmK0,rpnickson
QBL4mmt4e6U,craigboudreaux
kq5qq5_mEv4,jjalonso
jMyziwK8XOI,felipepelaquim
WMLH0gatK50,kekaiahsam
jxslQxviEJ0,dose
fh2JefbNlII,eberhardgross
DN_yjgCAShE,oliverhae
3wTkYP5fP3g,ychemerys
VBBGigIuaDY,emp_creative
T3WsIW4QwDU,asoggetti
gRr64-OCKy0,tavis_beck
lpddCskeg4A,jordansteranka
3ZKgqa8p2f4,lexigee
eEnF1u-xupM,adrianpelletier
YF4qTRQ2E28,chadmadden
w-LpijUp8yw,niklas_hamann
IgRQVZq7E3M,torbjornsandbakk
9CjgeMAM2SI,yoal_des
ypl5fG5fZsM,devintavery
w11m2Fy_FXY,yespanioly
bFRkux6F2Pc,trails
n0gbxCVQ-wA,nicnut
uC21aXJ7yQs,xanswer
zGCbrmpbOgs,eberhardgross
zdR-LzX6wj0,chuttersnap
XWInxudi0JM,eberhardgross
v1Mxj6AD-FE,eberhardgross
vq_PJkj8K7w,eberhardgross
YflB1tUAS1c,worldsbetweenlines
1XEON7CaTJ8,tkolczak33
p4orVxNl5Ko,kazuend
_4HhZOUEwmw,randomlies
FJc8DIDMGek,worldsbetweenlines
9HDfRHhCxME,chadmadden
pDGNBK9A0sk,anniespratt
uaQI3BI8ZrA,eberhardgross
y4eZB73FFU4,eberhardgross
LochJVSdNLA,eberhardgross
z_ZAwgKqy6s,rpnickson
fpJtQa8Sw4A,chadmadden
qo-90E5WNUg,anniespratt
dInw9vcxZdA,rpnickson
cTMPUPy40wA,anniespratt
xu5w1LlF1XU,nathananderson
UCHF0caZTLo,worldsbetweenlines
AjkWRg6gPvY,worldsbetweenlines
CA9oNcOBAbQ,eberhardgross
DauE-Q425nU,rpnickson
x4Cl1dPE748,eberhardgross
Th9qSzP3ySo,jeremybishop
oPBl-R8bjww,chuttersnap
xmeNoMLmRBM,claybanks
YW7exyUnwJo,jakobowens1
EHW2HZAOb54,eberhardgross
Vp_A70Hb45s,anniespratt
uECOXK6n3zo,anniespratt
VoU0wFIACAU,anniespratt
8fJg5TR4R-w,chuttersnap
YpMQo6cK8BE,eberhardgross
BYmAySuY7U0,anthonydelanoix
KKJj8Hz6_kA,nathananderson
5O8K7IpyEj8,joshuafuller
j06lbRyrXgw,jeremybishop
PaD_I9YBLGU,eberhardgross
oFzHW4l0_rk,worldsbetweenlines
i5EBJEO2f-s,worldsbetweenlines
e5AUV18QJwQ,worldsbetweenlines
ojRXdflBWHI,chuttersnap
G4lCBsvvz8M,krisatomic
iWtN3DjheZ8,kazuend
OSuy5-Degkw,anniespratt
jf4F-nl3SQw,chuttersnap
5T63Q3a7JrE,eberhardgross
AXxrS75ViLc,jakobowens1
eNi9DGpVYWk,jakobowens1
QHNb9b9aWWU,jakobowens1
YXN3FDDs5cE,anniespratt
N_Xa7H4YzFY,chuttersnap
ztCzHOc3PNU,anniespratt
T0UsMfZVVDQ,anniespratt
265UOW_wBeA,eberhardgross
gweOVL1QjPo,cosmictimetraveler
Xv8nEggOsxw,nathananderson
BSuY8m8VxRU,yoal_des
uLMM6TyPfGw,nathananderson
GSRoxaqsGpc,eberhardgross
ceyNDNQT7z8,nathananderson
Lm6mqM_KqQY,andsmall
NSSsyfAQW2g,borisworkshop
wMNO1ikcIBc,osmanrana_312457_sink
lKkLmtZ5EHs,eberhardgross
1tdbV5PuwZ8,eberhardgross
eGSjyhy6KmI,eberhardgross
BUdC1SJsW18,chuttersnap
y8wYVcO6CCs,rpnickson
Y5Y24G6LH7M,anniespratt
llcDy6LOLoM,eberhardgross
-Qhg45BM2F4,eberhardgross
2tLFuktLKmA,anniespratt
W-ST3_J1Chk,anniespratt
U6mLK89hKNA,worldsbetweenlines
7urohtLU2Jk,anniespratt
GfhRMAKDxHk,eberhardgross
gLBCxsQEA60,osmanrana_312457_sink
Q17vEHiPN7s,eberhardgross
O2QPJgPqT3s,anniespratt
pDSU_VHNvWI,eberhardgross
ltDFZwFAy-4,chuttersnap
iyfjDcAr_2g,anthonydelanoix
oY8IrtfeYgQ,lucabravo
UAin9f4XOP0,kazuend
Nijc2oQz10I,worldsbetweenlines
mVnhEKmHwtU,nathananderson
czGn_7oLvtY,anniespratt
-zEDq4sRxRE,chuttersnap
RMWO3QYvcEY,worldsbetweenlines
MUb81FMcWG8,nathananderson
ELy8RcnCgEo,jeremybishop
l8dk8zV_J3g,jeremybishop
9iC8vOi1cCQ,kazuend
7TGVEgcTKlY,nathananderson
ZKaZfYHgzZM,jakobowens1
wxrj0E0Sdgw,adrianpelletier
btjqFXX97l0,rpnickson
Z6oB3RqaQmU,niklas_hamann
W2zipE1V-iQ,claybanks
7g5juwG5jrQ,jeremybishop
xC_N77AjlXI,anniespratt
o0UpbSgvr9A,anniespratt
FhX3lRABuFM,chuttersnap
ikLKcHGtBUs,anniespratt
a7nzCe8FlT4,anniespratt
hQZNGAUEphs,eberhardgross
lQPEChtLjUo,huguesdb
ziIJiGSkfR4,anniespratt
vK3aMRPRlek,worldsbetweenlines
z5NnleM0pz8,jakobowens1
-k_Vg2y2vpI,worldsbetweenlines
K10VEcbUuU8,lucabravo
N3_3laFj5Ts,anniespratt
KQBsTXCvGwM,asoggetti
UT5DdZ1xuBE,anniespratt
xSP0q4TPvK0,anniespratt
noqpAinc6FE,eberhardgross
pEKNT5zOM88,eberhardgross
ZDXkfEuu1kY,claybanks
shRsxL3q8P4,worldsbetweenlines
o9f20Mi7nSY,heftiba
coKTBYga3Js,anniespratt
a8JQvaIEGQ4,niklas_hamann
Q4hP7OjJHdA,niklas_hamann
y_3-VTdpBYY,anniespratt
0B3wG1Q45zY,anniespratt
Tt6cKTH0uRw,anniespratt
A1wnyOs-Fg4,andsmall
wIKxP0Tn7lY,nicole_k
BtoUjLUtPnQ,borisworkshop
LjOqMg5ciHw,jakobowens1
6b5pVRlo2os,joshuafuller
fhCD0DXhOUA,jeremybishop
mINfOPaFpzQ,anniespratt
9b4WStMHwbw,worldsbetweenlines
mxx-lVuVdFM,lucabravo
b8AiheHsMXw,anniespratt
stAeL0d4vPU,eberhardgross
rfipIDrHGAc,plasticmind
jeWWV3OqN78,nathananderson
LMgynmNmSGY,nathananderson
KMYCSLP8uiU,chadmadden
QAVhRKo7vi8,anniespratt
KGNaQcD8zdM,nathananderson
8-9XKKb3q9k,trails
V-_B9AaO8zs,trails
iYyfRNIgckk,eberhardgross
3zE3OXraC9Q,anniespratt
dtm33x7AYNs,worldsbetweenlines
5P8rFXb3DPA,eberhardgross
wXWbUuaoEy0,anniespratt
w4WU2PZ9bPg,chuttersnap
wbZTJDBvgoM,johnprice
bngdOJ4Kr0Q,heftiba
Zsd0YhBa8LM,anniespratt
jQvOExlroYA,cosmictimetraveler
WZVIl9YOa-o,heftiba
ZPhmZyIoiO4,anniespratt
Y31bDcS9me0,worldsbetweenlines
Y_gpWZKXYjY,eberhardgross
T0zXhHg2dMg,eberhardgross
_OZw-0kFH3A,eberhardgross
bmi3_KS0nlo,eberhardgross
pm7IxBGlh8I,anniespratt
UvdzJDxcJg4,eberhardgross
Vtwjhg79bwI,niklas_hamann
YWWMGwXX2JY,nathananderson
MHZjW_qGMfU,anniespratt
zqoD05m0D_s,anniespratt
i2G6l4M6rJA,anniespratt
T31JWwB7DTE,heftiba
LV2xcHgfLg8,nathananderson
_-2CWIpxOtg,nathananderson
GAg4h8_mPCs,nathananderson
z1iARjvJiH8,anniespratt
kQedwItwgJM,chuttersnap
fLdFFqZKoA4,chuttersnap
-97jc08hg8Y,chuttersnap
TK5KRJrFY7k,anniespratt
1c1KEBL1yTg,worldsbetweenlines
f3v1X9TMAlg,worldsbetweenlines
8r6pbTZojRc,worldsbetweenlines
9OXdVryFLm8,asoggetti
Vs122-3pzzg,eberhardgross
XTgILxe9BBk,chuttersnap
G0JBQjgEa7U,worldsbetweenlines
L4EsOAoU8-M,worldsbetweenlines
mfU50hZmjNI,eberhardgross
gptRZytFzFQ,eberhardgross
ZE2wQ-5LyiU,jeremybishop
zvpA0_VBjdM,jordansteranka
RDVfpEi1RpI,clemono
35-ci-fEAXw,chuttersnap
f4RAhPf7ncI,joshuafuller
03sV2dG0ttA,anniespratt
UQ7bRgOTLHY,worldsbetweenlines
WfVHxQlTuBY,worldsbetweenlines
zBSlRlaf4zE,kazuend
AEOLWK3-Q94,nathananderson
7CME6Wlgrdk,anniespratt
HMN2oHFpkLc,anniespratt
tR8bZwhvPlo,anniespratt
pYyOZ8q7AII,cosmictimetraveler
eBo2n2lIdnU,heftiba
Ea5nd9AkK7U,chuttersnap
qLnrOTpo5bA,felipepelaquim
_tBeFVZPlPY,nathananderson
JZnUOMsiamc,eberhardgross
XuHkodhmiyk,chuttersnap
o6YFpevb2KQ,worldsbetweenlines
2o-PgGDhfuY,osmanrana_312457_sink
6egdNN_3k3I,anniespratt
GtxSPU95dgI,eberhardgross
DvubEFNz62U,anniespratt
X5YXJGEyvgg,eberhardgross
TKzn-Y9-QWo,anniespratt
0kiYSEyChqQ,joshuafuller
jhTAobA3X7g,joshuafuller
72gRsNvRXmg,anniespratt
C9Ro96lXpmg,eberhardgross
uVC2DMsIqnY,joshuafuller
-hSsMy7qBTY,chuttersnap
IXjGoyt3sNY,anniespratt
PKGf72RfXeo,eberhardgross
vpM6b8lhX_U,chuttersnap
uwPtnsCQ9yU,jeremybishop
uCUpzsbQB6Q,anniespratt
Nzzk-pOcqvA,dallehj
CHanWRzpWeg,rpnickson
QSnKwEKvMK8,eberhardgross
Ap3AzCIYgE0,worldsbetweenlines
I997PvGj9BY,anniespratt
OFQzn3V1JKU,clemono
1vNkzc0nPKY,jeremybishop
7zEWYgpdHBs,jeremydgreat
FaGkuorkWP0,anniespratt
SVqeVMCk9PE,johnprice
vnUuKluH0cw,kazuend
-QVXoX2Lxjo,heftiba
VUyzV38LKUI,eberhardgross
ba5hzU6ioO0,eberhardgross
5XH6lrp1SKY,joshuafuller
eVd7hS355Qk,chuttersnap
nicc2x0E_A4,worldsbetweenlines
rPE1qDdoVVI,anniespratt
KvvRd4F7pPM,eberhardgross
1braZySlEKA,jeremybishop
jPPHYSez-s4,jeremybishop
X2WUR5hF3Rs,eberhardgross
xjM0j6qBPGM,nathananderson
02f3KC3zKPk,anthonydelanoix
Z2nBEvTs7hw,anniespratt
tSCmtF61nNg,eberhardgross
YuJmGZDeH08,eberhardgross
tyX01W6KCyI,anniespratt
Qj20ZHLmVis,chuttersnap
mFTH2t8fDO8,eberhardgross
XCAo_gm4kxw,rpnickson
I9IBL2Ko1ms,nathananderson
5IynMUOOpLE,asoggetti
KDFxVFk7clU,joshuafuller
_h-ErYeit4Q,joshuafuller
vChPu9FNN-Y,nathananderson
X3YzPHn3Jus,jeremybishop
c1bshOfP_IA,nathananderson
fufI8gQTfoE,nathananderson
2COogL-bEQQ,eberhardgross
d6u7FP4TlEY,eberhardgross
IyEwFM-fAVk,eberhardgross
ROYmdXcUZy8,johnprice
R8QApJtIIfQ,worldsbetweenlines
0iOOw41DZ28,yespanioly
-6h-oYfdZDA,worldsbetweenlines
ZSUR25NhLV0,anniespratt
0BZfRVas6-4,osmanrana_312457_sink
N1cDmjZwkng,heftiba
fN2pzLWtG6A,eberhardgross
fG34nL4nDZY,anniespratt
aAkInHUJ1Yo,eberhardgross
ayf3hXSJcpU,eberhardgross
xOsSBb-Lkbs,asoggetti
gkS33Ewr1C0,anniespratt
pt0H0mB4AGE,worldsbetweenlines
8MEX5JuPCGY,chuttersnap
duqHJKl0dBA,trails
Hui8VyCnqJI,anniespratt
fno8-0HvTVA,chuttersnap
Fh3g6OffrIk,heftiba
t72paH39gbs,eberhardgross
XbcNtDqiL80,anniespratt
2H5V0cvEk_8,eberhardgross
Wtc9YH-g8Ag,anniespratt
EJd9Ydi7ULY,heftiba
RqWzFwqzYF4,eberhardgross
lCL4iN7TgAM,eberhardgross
AEroKd15nOc,anniespratt
cHFPsgDQZ4g,eberhardgross
wsid826W0DE,eberhardgross
aZox57cA-eI,rpnickson
1fHy_CKvnMI,anniespratt
-IMPRIR3c5c,rpnickson
-5eZ1-Ie68w,anniespratt
WJeu2_Gl3L8,asoggetti
-xYL27RWIU0,ross_sokolovski
Cwk4lprGKbk,chuttersnap
MOXG50At3qg,anniespratt
VGGwl3Lj3_A,anniespratt
KcRB0K_K6qg,eberhardgross
6R3dGQJ3qOI,eberhardgross
8mqOw4DBBSg,anniespratt
BuQ-jgeexaQ,jeremybishop
Ix7Zwjk5fWg,eberhardgross
Sza0bpjd8gw,anniespratt
P7bEq3loN7k,anniespratt
PpZiXBY7_Nw,nathananderson
WeYamle9fDM,randomlies
jizIM-9oLYA,torbjornsandbakk
TDj92DZyiJI,worldsbetweenlines
XZyD6CTOAIU,anthonydelanoix
bz_a4GA3Lyg,photohunter
sN1cOV7wfCM,kazuend
sLWS_aYoQ38,worldsbetweenlines
Eg3iyelG2iQ,worldsbetweenlines
WnB-gKIt1qo,cjoudrey
vs6a4EHj_Ro,anniespratt
DLICfSD33as,jeremybishop
zjOv1yyUzQg,nathananderson
oasArKDSG1E,drscythe
HyZeCJdchlU,nathananderson
x2Miv4owGEM,jeremybishop
rk2s0sm8xF4,chuttersnap
kDo57E2qOE4,anniespratt
DZujlgxCwXQ,anniespratt
xYMkO5LbGtc,nathananderson
KWvhJuC3TSI,anniespratt
03VeN3r0eg8,nicole_k
uWU15b9WLEY,eberhardgross
0PkOD-soy_M,anniespratt
TB666yXGV1g,anniespratt
pcPEKSRkVpE,anniespratt
HNRIraDAjUU,eberhardgross
2yvFooPiiCU,anniespratt
SE4jDznVwRg,eberhardgross
igF98ukTW2s,eberhardgross
FGvRZ-BeCKo,jeremydgreat
GsByDsWh8tU,chuttersnap
yQgOSaXemqA,eberhardgross
6uYZHJoXrn8,anniespratt
GK0sAWELI-I,asoggetti
GZi8gjGV76g,niklas_hamann
ZXAYcC6YXNg,eberhardgross
o-v_2u2yiiA,heftiba
oH_ms8DfItI,anniespratt
xbeg3GcblgM,chuttersnap
HfGRKdRsolA,nathananderson
5WYiCX1HHYg,nathananderson
IghZxJgO94M,nathananderson
sXPbIgVcmW4,asoggetti
aolmXcUxr7Y,borisworkshop
iilZhNg5uaQ,borisworkshop
uYp5bsGm-2E,eberhardgross
bQQ_e7O84po,anniespratt
1HmtbpxZ5aI,eberhardgross
xndHhTH2Ejc,mnelson
T1wpGZhvwUo,jeremybishop
W03UoQoFsoM,heftiba
yKODRI_6NjE,eberhardgross
exrCFOo-zeg,worldsbetweenlines
KoGBeoXmC80,jakobowens1
piQY2YNDJ8k,chuttersnap
-43qvNitz5k,heftiba
zxcBR3zNc7I,asoggetti
Jw8q7NcT73A,worldsbetweenlines
epsVnUN2k50,worldsbetweenlines
3bh3elC0D7M,anniespratt
n-sp98bMW18,anniespratt
5EB77GOJRRs,anniespratt
aoWGZ3zu2Qc,ross_sokolovski
79YoQ2edaZc,jakobowens1
gStfADPD4Uo,worldsbetweenlines
ipC1JLW7xms,jeremybishop
SVFEQ_MOn6Q,anniespratt
7CwF-4IbqBo,joshuafuller
eSB6hpSU1hk,eberhardgross
uELiHAWOvto,anniespratt
PoK68zebcQ8,rpnickson
fDk6Hl77W9I,worldsbetweenlines
IfRI9FDmDzA,jakobowens1
YEsedBccUEA,anniespratt
4vm6v0KmCS8,jeremybishop
GfxPQhdwPrc,worldsbetweenlines
LNWsYSXJrxI,trails
cVjHWQ4J8sg,eberhardgross
507E2BtaBMI,anniespratt
xkxtDdrl5oE,chuttersnap
OxbuqhIxtOg,anniespratt
YtwIas3Bnjw,anniespratt
lkST28_poLo,photohunter
rmAQEA8rPPU,kevinhou
bmaua_wAVJ4,anniespratt
k_BJky6dU8E,joshuafuller
lVrQnkrbtts,heftiba
neyb2xCMhrE,nathananderson
5qlegaTwZpM,alwig64
74T_ZCepPkY,worldsbetweenlines
jCTo3MAtzjA,anniespratt
VxGEk4fpiq4,worldsbetweenlines
uPwWtazOsyg,nathananderson
sSyfyxlKQPY,anniespratt
pIfF5Q8AYaE,cosmictimetraveler
lApiQ3--c0k,eberhardgross
-dm8WfhnQU4,anniespratt
O_Lyb6Et9Hw,anniespratt
Rr2VsarcVok,heftiba
0WGucY1VHI0,worldsbetweenlines
nt1KMuZb9DM,anniespratt
v08L_SdFKNI,anniespratt
w7SG9_qA7hg,anniespratt
5TBHn1e4IbA,anniespratt
fVdavkZrNq8,worldsbetweenlines
mKlvYQQj7Ls,eberhardgross
JrFfuHQr-L4,worldsbetweenlines
hEDwwsfES2w,anniespratt
1iqLU3K_x8o,jakobowens1
kO9IchKdhFA,nathananderson
u7zd4x6-dx8,anniespratt
-3l6KX8uCAM,worldsbetweenlines
8iTugPNZ_As,jeremybishop
4wz1YsANFB0,anniespratt
iju7Wte3jAM,worldsbetweenlines
ApqmbiIYqkg,eberhardgross
AcbIlrg13Hs,claybanks
MSW-u52e_sw,anniespratt
KkOggSYb-1Y,eberhardgross
JHMDtWaNZaA,kazuend
qZtXseRsNVs,yoal_des
YKQawNUINXA,ross_sokolovski
RLLR0oRz16Y,borisworkshop
DoMfuJkUuU0,eberhardgross
J1S7_1EPgbo,eberhardgross
mu6qWkCDZsI,eberhardgross
8jeWeKdygfk,asoggetti
lxU-CFBRtjI,eberhardgross
TLu_k5wlufw,anniespratt
eSOVOj43s6g,nathananderson
HK-lMcoBnMM,lucabravo
BcMKWC1YmoM,lucabravo
KKK-mavLRIY,jakobowens1
ESus7wfHOas,lucabravo
v_xElanNBtE,nathananderson
UEzo86enGbk,nathananderson
hzchS2pFvF4,anniespratt
r4-Go4AjUL8,anniespratt
TV5z-No2aa0,eberhardgross
-SFhuMwFClk,cosmictimetraveler
Zf4jpcGEinM,worldsbetweenlines
jS0ysot7MwE,worldsbetweenlines
3P7PovXdSfo,eberhardgross
F3ks2pDyH4s,trails
vtCFtlD4UsQ,jeremybishop
PXchClPTMT8,eberhardgross
USAIDz9AwuM,worldsbetweenlines
yfQuSYqVLHc,rpnickson
Sjqpt06Tun0,anniespratt
vMb7PHDSjTs,heftiba
FmEaQuJvm6E,trails
7UIwR4-zA4k,eberhardgross
rZ-goDWnEE8,worldsbetweenlines
5xsVcdy1-vc,eberhardgross
OrkbCipJriw,anniespratt
hKxz1TkOxY8,heftiba
idC3r5zPx_Y,chuttersnap
Mcc5uQF9Ucw,adrianpelletier
aIeukKl3raU,lucabravo
c3jhLMlx7Dk,chuttersnap
tUFH4fvkH8o,chuttersnap
ebtE5zDS0Ps,nathananderson
By4VoZNLYlw,kekaiahsam
4sMVrh8-S1g,worldsbetweenlines
_tsCWHs44oY,eberhardgross
HlJZ-xm3KCI,eberhardgross
SBtYCyt__8Q,eberhardgross
B4ATl6GUnq4,eberhardgross
ndjyaOp0fOc,eberhardgross
OsS5j1KyZKY,eberhardgross
1mLEA1A9vXE,anniespratt
oxNwH7YRDRc,eberhardgross
v6wcqI6qRYI,eberhardgross
_FacZj2pLAc,eberhardgross
zL06L8VNMQo,joshuafuller
ovXu5yiEVWc,jeremybishop
m6kf2nTdw_0,worldsbetweenlines
NlRVtfgWsGI,anniespratt
ZMMaNNqRjqI,eberhardgross
aXhpN8s6IY0,eberhardgross
oH9-lNOo5vg,eberhardgross
VHRPXd7hpX0,rpnickson
Fr90gvaGnP0,trails
eIB0N3v8Kk0,worldsbetweenlines
q2OuUEDauXo,anniespratt
rSaIa1clcEU,eberhardgross
rWCYoMv6BoM,eberhardgross
PBnjCrbc7Pc,jeremybishop
YZXSsRBrBGU,rpnickson
KEjLQwKjhFI,worldsbetweenlines
DArEMUZ54VE,anniespratt
hzGEDRYFiu4,anniespratt
VkaihQSqVbI,worldsbetweenlines
eHGCUD180xE,chuttersnap
5MS-B8eQgdc,worldsbetweenlines
HQMyV8a_4_4,rpnickson
-FWU2UKRXZo,eberhardgross
qaxSjLbZPSA,worldsbetweenlines
rhWFXsgOXbY,anniespratt
O7U9u7k50BE,anniespratt
sgM7vHx0D2s,claybanks
7q_SST3Kdm8,worldsbetweenlines
3FFO_aNa5Sc,anniespratt
NdLplBqacAc,worldsbetweenlines
mdl6MW0BbYQ,eberhardgross
xa0FS-lGz8I,heftiba
vleprUp1Gqw,nathananderson
oUQ4Q0JXWWo,jakobowens1
ZjOQmOOWmGs,nathananderson
JKmvji6Gpc4,eberhardgross
AA4QB4Q1v14,anniespratt
hb8W2a4i5Uo,lucabravo
tcRRNN5uKT4,cosmictimetraveler
oggLZPzV3Ho,worldsbetweenlines
u3aim8PGE7I,yoal_des
shb8l1o-0Zk,clemono
9xO5YhSKSFU,nathananderson
KcqhQH6KEpA,nathananderson
LtxbHVUhp90,anniespratt
Obomi-1TVMw,chuttersnap
3Lazy6QQR6c,nathananderson
ZmIGHiaopTw,worldsbetweenlines
_mSlcGbdxS8,johnprice
9RL4bFoHZJc,eberhardgross
8Dyeu13DmwI,eberhardgross
OWq8w3BYMFY,anniespratt
MvEsMGNZfh0,anniespratt
ncQ2sguVlgo,anniespratt
6fCfkt11-eQ,eberhardgross
e9QFb4VVu8M,joshuafuller
ysRLATH07ck,worldsbetweenlines
gyaPIZZjV_A,claybanks
xp5kA-OYA3A,eberhardgross
c5EaVO5bR4U,eberhardgross
n2sQQ6XjqfE,aridley88
1jmA-qJbDyc,nathananderson
sQ0VZqSaChc,worldsbetweenlines
NMyTQfoYpP8,anniespratt
RZea5h26e_g,joshuafuller
YnMgsRsfS50,heftiba
eelpgSLWrqo,nathananderson
OLg2-XhU97o,joshuafuller
dXUZ4XQLBUE,eberhardgross
rHdcv9t96x8,worldsbetweenlines
zqCuZEpWPHU,anniespratt
vJfDLjN_Odk,ross_sokolovski
U1e-3W_Mam0,anniespratt
c5_llPei-Co,niklas_hamann
5EABoJYaYvk,eberhardgross
Zm74mm1xEDY,asoggetti
nQr2Oi51mkA,worldsbetweenlines
RdzyHqnT9PM,marekssteins
E2kFHkrozhA,anniespratt
Y0PlqPrZS0U,worldsbetweenlines
arrl5dVwzC8,joshuafuller
cMr19bJU1uY,anniespratt
0S1Npjtequo,worldsbetweenlines
iqQSamug4kc,anniespratt
x8Z_6-Yb-rs,anniespratt
g6PHc0No__I,jakobowens1
gySXcf5d7bI,anniespratt
0HzReGi-sRc,rpnickson
li-gdQe8aYk,randomlies
QPg8RkHRIOo,anniespratt
YV_gbygzlWk,eberhardgross
ACt8ycSzpdE,photohunter
2EGf-Ag2tyA,jakobowens1
v1ySnKYCtrE,jeremybishop
RMj_T-DMgDA,anniespratt
1VIRv1zTbpw,eberhardgross
jwVtyX01KCs,jeremybishop
uR6dIgDnt38,asoggetti
4PtD98mu6F0,chuttersnap
SLmBb5T07sw,eberhardgross
qYQE2Ekbhhs,chuttersnap
SHpq0Y8dsLg,heftiba
5qsdjmqgH2s,anniespratt
jUABxtsZRto,jakobowens1
A93gsuMxVcE,jeremydgreat
rBYEbsJIwrY,cjoudrey
B5PcDNbMu0M,anniespratt
xXMut5JKj38,jordansteranka
bmyxoe3MYpw,eberhardgross
fYarkPCI5Qk,jeremybishop
sIIZe2ACHiw,eberhardgross
wY0wDz2iSpA,asoggetti
exx4eF-yJ1Y,chuttersnap
l8Xg0WdsQKc,eberhardgross
D75zbV9FeFM,anniespratt
Cx3S6SMiDuA,eberhardgross
LCanFGd68ns,chuttersnap
kZy1nlnf9Z8,anniespratt
NVg0yEOoqBE,anniespratt
k35L5yISxl4,worldsbetweenlines
LfEUDfXa7Vk,anniespratt
x_KL-b7MhVE,eberhardgross
1_5J6uHtees,anniespratt
JFpIo92Moac,worldsbetweenlines
mrk9YjyE9cU,anniespratt
_-RMtzOb2MQ,anniespratt
oOFrXiz8-0A,ugmonk
Nw_D8v79PM4,r_shayesrehpour
fqrId9OgmH4,anthonydelanoix
UzOetzOumSA,anniespratt
0MqeFyrZsoA,worldsbetweenlines
K6lFOsVxaK8,eberhardgross
L_hK813fu9k,clemono
f8R_kFRACJ4,nathananderson
Oy84q0IlQ_4,worldsbetweenlines
w3Bee3kA898,anthonydelanoix
LO7bR7RdPmo,chuttersnap
R6fs9tqTVpQ,anniespratt
OkBI7PNsYys,heftiba
s79i3mBakbU,rpnickson
a_hPPrncGlQ,lucabravo
zzPy6rFnMQs,anniespratt
PEzlKh7GcnQ,eberhardgross
hIeOM_GjgvE,eberhardgross
e8R5ATqC8-0,anniespratt
fUE29IBWtRA,anniespratt
diDwi---5lo,nathananderson
VS8suHoZ8KE,eberhardgross
LT65hL9fcP4,anniespratt
vk6yq8misec,anniespratt
kEWgZCXhMYs,anniespratt
4esAX0n8dOA,plasticmind
l61smgU3Y7w,jeremybishop
WG5NqS_n7j4,anthonydelanoix
gKbZBSnpdgA,nathananderson
Gxu2qqKFqoM,nathananderson
zzux2cH-F-A,anniespratt
EbvX20imFmM,anniespratt
2qAYutRPgoU,chuttersnap
Z9us-Jpvkk4,anniespratt
7YfwiR8hpc4,chuttersnap
deHOEUf7X4M,anniespratt
wUSoHXq3v4g,lucabravo
vmqim3PbzMc,joshuafuller
Ta58Bnoo9bA,lucabravo
l7johAWZ_iM,eberhardgross
YcdJU6enWL4,worldsbetweenlines
b2r6HhUD3vs,anniespratt
g1ppbbqrZuo,eberhardgross
6nrE8WMLCMA,nathananderson
2aZ_Hvb2cJ0,anniespratt
ae0MPMx5-aU,jakobowens1
nP1EL_8dLc4,anniespratt
eSiMUVzG95w,nathananderson
f19Pxh_96CA,nathananderson
iDjHhEwp3PU,jeremybishop
9cyXgoHqMiw,worldsbetweenlines
-_8f3Cj9W9Y,heftiba
UV-OG6-UinM,johnprice
5jR9jcbEGFM,anniespratt
3Z70SDuYs5g,lucabravo
e2Kqx0pJDvY,lucabravo
N5-Jf1XITyw,eberhardgross
gVue-ikcepk,anniespratt
e0BNPHPJDjg,eberhardgross
6J93jXFHs24,eberhardgross
2CHn_UAdp5Q,eberhardgross
03b7JRdv0Io,lucabravo
tR2aTsb4qG0,anniespratt
JE5g2ZZG9qA,anniespratt
AUSFatpksyY,jeremybishop
DfB7vqqIfLY,nathananderson
P7sCjCzALXs,worldsbetweenlines
4WbzrJ0Z3h4,anniespratt
f-X4hUILms0,clemono
qCA6EULMskk,lucabravo
2o5cSEwAWyI,jeremybishop
RdDTrEeDAV0,eberhardgross
ixHqF3BKPtQ,niklas_hamann
3bOcN07-iKo,worldsbetweenlines
uWqz5Ekf57o,eberhardgross
RZ9e_mWiguo,anniespratt
1dkM0L186v0,eberhardgross
xwp6N64jlfM,eberhardgross
GWoLvxxjSzs,eberhardgross
s_rkPARaF64,eberhardgross
8kDx62gZRzk,niklas_hamann
l_oWTzCrgoA,eberhardgross
-IRA80xFg4c,eberhardgross
zuRKuKnCtjU,eberhardgross
pkfwwofpNUw,worldsbetweenlines
-z0M-aBEd1g,jordansteranka
i8XLga8W1Go,anniespratt
L3RxgAayKn8,eberhardgross
rh7KA6jVJFM,anniespratt
E2SGMyG5vLw,jakobowens1
r593e2EAyHg,nathananderson
FDJ371PeyhY,andsmall
7f7SlDYdp7o,chuttersnap
mB5wa5ccdW4,anniespratt
DsNrm25URHE,eberhardgross
T-6J6uvjDec,asoggetti
g364MzmBGiE,nathananderson
1CuRCSwI1NY,jeremybishop
h48eaWQT11w,eberhardgross
heA7aXvx5Dk,eberhardgross
f49STOSOuaI,eberhardgross
8TI2DzFJmGU,drew_hays
OQT10zDF74k,anniespratt
6-jMNbtR6UM,eberhardgross
epcsn8Ed8kY,anniespratt
0-dy5lOmnMs,yespanioly
xG74huvY134,anniespratt
JQ0YTMFhN5Q,trails
nfCcsEgpAAM,eberhardgross
lh7-oEeOe_M,lucabravo
mOLet_-xn2M,chuttersnap
us5jmqSK6WM,eberhardgross
IVX3YgXftjw,worldsbetweenlines
KQXeabDx7dI,asoggetti
YRspb1Z6eE0,anniespratt
2nkth4yfAAI,lucabravo
KhQ0ea2v0lY,anniespratt
0hFK_7mbJ_Q,anniespratt
YT8d9hNCEb8,chuttersnap
rO2IyxK78Zc,anniespratt
kuGFt0iJusE,rpnickson
SBmUSVPQN94,claybanks
zPktb9QkcGY,anniespratt
WgDy0odb324,heftiba
jWEGJTo9ooM,chuttersnap
x1noB3hon_Q,jakobowens1
qO0O57ei1ik,nathananderson
HhsROCtI76I,osmanrana_312457_sink
Kelbg6sI6GE,joshuafuller
JyYlC71iguw,eberhardgross
pyFWN-TrXvk,chuttersnap
jlPJelJrSn4,trails
sD--EGHBvqw,ugmonk
FmUKACwkbM4,anniespratt
inxgrwcntZo,eberhardgross
2CLrgWqOcFE,eberhardgross
98aEy4lUQgo,kazuend
ncpmQtyTzjg,anniespratt
_zHYUQmWrzk,nathananderson
EafH-BTjj1Q,worldsbetweenlines
p7ysydPUB_I,zombience
_hPCc2Dxkr0,eberhardgross
K03EeiFqtps,chuttersnap
BXBUtRSCWxk,cosmictimetraveler
Hk7l6DmgO7Q,anthonydelanoix
yWCyI7I0yOc,worldsbetweenlines
zmOvU3LupwE,nathananderson
PmQb16W6KRc,jeremybishop
PdGBci-4jR8,asoggetti
-zzvGaZ3gjY,anniespratt
kY9O3Q4dL58,worldsbetweenlines
WQiYHPhacLM,eberhardgross
O1ytfWZ6tJA,eberhardgross
v6YntOOHPTY,nathananderson
DPXytK8Z59Y,borisworkshop
kuT7X8djcMM,yespanioly
FzrlPh20l7Q,jeremybishop
3xUnaShh5SQ,heftiba
EmSpZYr3hEg,cosmictimetraveler
mIZ7fVKat5c,anniespratt
CitnR95_VWo,jeremybishop
wCujVcf0JDw,peterlaster
qem7xLMt1bU,anniespratt
PoYQTd37fDA,eberhardgross
YV7_BcObbIs,jakobowens1
ZqTW0r33Bg0,eberhardgross
6XX1Tc9UvQk,anniespratt
TFNpV_iC19E,anniespratt
F5cua3OiVA4,anniespratt
qvDnmtwq_x0,niklas_hamann
J_h6ez1ufyY,eberhardgross
l4MwmH8QIxk,trails
sbXx9kSdHwI,heftiba
aNM8Pk_QmOA,eberhardgross
2vnWl27Xiso,joshuafuller
SJCc19SBg2k,eberhardgross
DRKknUyra0Y,jeremybishop
_lofCeUHMOo,worldsbetweenlines
WbFn1M_s4vE,lucabravo
8LPgWfHgcMg,trails
5XEi4zfliX4,anniespratt
A_lY4rHDZ-I,chuttersnap
-fdLwPMi7iQ,aridley88
0924-LQ6Z4Y,anniespratt
pgALUCcT7NA,asoggetti
N4P7u9AfG_s,jeremybishop
MLdvLmuF3Y0,anniespratt
SOM7hsTVG9c,jakobowens1
sVhWVEX8zFA,anniespratt
nx8EDJGuYtA,worldsbetweenlines
ScDGKvXvfNk,anniespratt
tPdCEy9KpZk,anniespratt
1bNKt1xarao,anniespratt
i2Jh9aTP6R0,anniespratt
cs6Omgsf0fU,lucabravo
TwWmbN3mxzU,eberhardgross
UiiTzYSzGQw,claybanks
Oc1bTDcP-xk,anniespratt
a-DETTxYhCw,anniespratt
hfKuW9ql9HM,azntaiji
lDTctMQfbDk,nathananderson
wix6JnF_CvM,nathananderson
NM0YUlx96Ic,worldsbetweenlines
q9vuMxXt35s,worldsbetweenlines
tKyXbJNH2bQ,worldsbetweenlines
daYZ8ixAn8g,nathananderson
09bjVyGlot0,zombience
5P91SF0zNsI,eberhardgross
HSDTgNnccZU,heftiba
sXUBQJDrT8w,anniespratt
pM982LYLOTM,worldsbetweenlines
UdgvzNom0Xs,johnprice
7U4EZyDGyHw,tkolczak33
P04_cJHFkVM,jeremybishop
fls0nc42WOA,anniespratt
Qkieal1MvLk,worldsbetweenlines
vHeXw6Nj_BM,johnprice
HuI_NdlkwdU,eberhardgross
fs-8bJ7J5EE,worldsbetweenlines
HthjuB6VkRM,cosmictimetraveler
ym_hlhDzZWI,anniespratt
MlDrlYm81jA,chuttersnap
Eh9XI5v5ws0,worldsbetweenlines
22HltbHJbPI,marekssteins
ZpBolO3VHlw,anthonydelanoix
zXRxkI4vMZg,worldsbetweenlines
b7QKktHL_aU,chuttersnap
HpuZmyOSboI,jakobowens1
vRXnSd61IDg,worldsbetweenlines
oSrIlXW7Owc,anniespratt
mtuYqjDzaXM,heftiba
YETY9SV-V6Q,asoggetti
oqj-BL2KnK8,photohunter
o8Avj1O7e6g,jeremybishop
9b-tgO39yQ8,eberhardgross
beg15hyDab8,kazuend
W6RXSc8OWN0,anniespratt
kujXUuh1X0o,nathananderson
hTRX57jELi0,niklas_hamann
8p8Eyo-O28w,jakobowens1
B8QfD01O2pQ,aridley88
3nMWpUx4HyQ,anniespratt
6L_Jg8RMjmo,anniespratt
CojYYoyTTjM,anniespratt
qZJajnlnPSw,nathananderson
TI_3eaoMyjo,jeremybishop
XUzBDdM5TRo,eberhardgross
r5d_dVc8SE8,randomlies
QgW0ZCbmfbo,chuttersnap
kNYhzQ4yXW0,anniespratt
sZ5hjZ38Pfo,eberhardgross
8s3QjZ-bBAU,eberhardgross
Vx3dVQ7Z4y0,eberhardgross
v3Y5CM2P4AI,jeremybishop
CaR0iiongDA,eberhardgross
qygQf1cJvKA,eberhardgross
Ui8rcq9bG90,jeremybishop
RSzEmga3ttM,nathananderson
LwKfWWAdgcc,eberhardgross
mp3hzmuKMwk,rpnickson
61RmZvKHu0M,jakobowens1
kL1Q-5dd4tw,worldsbetweenlines
Rqw9waqdWB4,eberhardgross
HQoTSxxao4Y,worldsbetweenlines
MJ2Xh3u0FZM,worldsbetweenlines
k8dv7AKfJEs,anniespratt
N5hP0vbZO1g,anniespratt
6o9ogx_D_zU,eberhardgross
iP7WjWMkqMc,eberhardgross
2pyjlGXJ4xQ,joshuafuller
8nAvFWUig3c,anniespratt
Nq1ZrJ6vjq0,huguesdb
0mhcdAI9qhw,chuttersnap
4XoKKDcI4xo,eberhardgross
JNn3GlE96AU,chuttersnap
aexi2sGj7HU,eberhardgross
ez67tKJAdxc,worldsbetweenlines
tctDPv2ga0Y,eberhardgross
aYqYTdEXUAg,chuttersnap
gBj3ALJ2uUE,anniespratt
12SBDhgmrVU,anniespratt
QqeI3bD9xM4,joshuafuller
r4uZCaZzOK0,photohunter
5py1uD3sxNA,claybanks
VlOrWGCFl_w,anniespratt
i8ygGWtQzvY,anniespratt
dcCMLFHfqz8,jeremyperkins
HDmwWA58nhc,joshuafuller
vz8EomKc2Hc,anniespratt
dHDXAv3ft98,anniespratt
jTOQkHCiCm0,eberhardgross
ad91jz_dFpc,chuttersnap
Qgp5pN_NHhk,eberhardgross
GYwPGMuJWYw,worldsbetweenlines
jcol69MgmhY,eberhardgross
N-pFzUB8fGs,heftiba
jwqqLCy1qsQ,worldsbetweenlines
szRs1EUmD5g,anniespratt
1DCmWqXXL18,chuttersnap
fTlXjG24mQ0,eberhardgross
X7TNgWB-Ynw,eberhardgross
z8i5iwIQYiY,anniespratt
3N9yzE5XkZk,eberhardgross
M35DI6c9zPQ,anniespratt
CVasL0l5YA8,eberhardgross
hPN4PY9abNQ,cjoudrey
bpUBAGzBjZU,photohunter
BdLO3i0JLCs,randomlies
g-BbFrTvGic,niklas_hamann
qCltMYXyMp0,chuttersnap
s81oKOjpKlQ,chuttersnap
-gaJGfyMt1c,anniespratt
3pJjynWgHX0,eberhardgross
RjB2B5p3lvg,eberhardgross
uF4WjyBhTNE,eberhardgross
9bybELtYylc,worldsbetweenlines
hHCFRgQ_VTw,anniespratt
sXasgEgeIcs,chuttersnap
D6tTUPoGZNM,joshuafuller
wZ8KKGUHxtU,eberhardgross
4wUog-sdP0g,jeremybishop
tfdgSSfGMHU,anniespratt
Np1l2KmC0WA,eberhardgross
lpi3K6TjssQ,eberhardgross
YL-wHZmvcLs,eberhardgross
bgsH88j-DM0,anniespratt
jJKfRPoy9B0,eberhardgross
qA0A_uaCVTU,anniespratt
xXIRSZmzvU8,asoggetti
MolqkWsMpuU,anniespratt
wGcxlasobMk,anniespratt
HDxsIFHz4TI,eberhardgross
RfnWYWSQlws,eberhardgross
tAXqHzwi6hI,joshuafuller
xwzmhut4RB8,cosmictimetraveler
HCRBFsJZMMs,anniespratt
E-JQUqfcvKY,anniespratt
vfrtRoww7Eo,clemono
GYt6khO6-xA,tkolczak33
rvUMC5Hj27Y,eberhardgross
E9qRQax0BE4,eberhardgross
h6HmCufGDzk,eberhardgross
WDj1x88Zc3E,eberhardgross
TswA7-ubi68,anniespratt
lUV966hrjxY,nathananderson
G5JDRSKi3uY,jeremybishop
g62VRbWsfu4,anniespratt
Ff-FOrLwiBQ,worldsbetweenlines
5C1MT7fzl0U,trails
L1LqgIGuVtg,eberhardgross
hQDx2S3aRLU,eberhardgross
ML4nlbQR1tc,jakobowens1
kTaIjvHsyJg,nathananderson
xaZSE0h7yIY,jeremybishop
g4FOtkiE90k,worldsbetweenlines
Cn8uBaKZeDk,eberhardgross
Vn7vB7rWenQ,asoggetti
4gF_abRdjZo,eberhardgross
nIk_QNc2K4w,anniespratt
6ieXV38E3h8,clemono
r52dZwpvB6Q,cosmictimetraveler
1IQEuE3yPj8,kevinhou
XRwDE7DnDbg,kazuend
qNhaNFeZz7k,jakobowens1
bROd3dK_7kE,nathananderson
zufAJSV_8zA,borisworkshop
PVPsGlhs3rU,jakobowens1
swACMn-yCn8,osmanrana_312457_sink
S2_e-byc-mM,heftiba
wJXwCBBTc00,anniespratt
pRrQu9yIcms,eberhardgross
8jgtv5xffFI,worldsbetweenlines
5kvTWhB9eW0,worldsbetweenlines
KVKYuYjKPnk,eberhardgross
0al4nhlSu5E,worldsbetweenlines
llEJ21aMgwI,worldsbetweenlines
bOVi_-y0450,rpnickson
Re_yoaMGzIo,anniespratt
9EwxGJdTJNo,ugmonk
z97kjUA4clc,eberhardgross
PdPKIkd1L9g,nathananderson
8n3g1PFN9gs,worldsbetweenlines
SF3E7T7ABzI,asoggetti
RyGGRpD78Vc,eberhardgross
uA2Yv2h6TSU,anniespratt
f72UG0Hcr_Q,eberhardgross
ZSCsXWyR7c0,claybanks
mjvx6KF_ftg,heftiba
-VIIUPt7h9E,alwig64
pq_ulQTFVbc,anniespratt
0jI_VomyV2I,eberhardgross
ZUhPvOw9S34,worldsbetweenlines
wJADNChYu-g,jakobowens1
_vAuxGCAfjQ,anniespratt
YDISdmRldio,eberhardgross
Bdn__0Vip5w,eberhardgross
RZR3SliFzCY,designerjaeger
mKFCS2ti3o0,niklas_hamann
IrpEYE-Jn9w,plasticmind
_Q2K4JUa_Jc,worldsbetweenlines
ZC8OAuJzT5A,worldsbetweenlines
oufIKPewlWY,nathananderson
yI4tKsdB-JQ,nathananderson
Yd7iCxLTGc8,anniespratt
oiAhXABHZRQ,jakobowens1
q6OHQQEQ9iQ,joshuafuller
4Hgsmp7sv6U,anniespratt
9HOPU4ZRJi0,joshuafuller
skF1azpN4rk,anniespratt
klkC0NkxR0M,worldsbetweenlines
xWo_eO1OOdA,niklas_hamann
Ppz6b-YUDHw,claybanks
wggRq6vVMCY,jeremybishop
7jXeOA3Hil0,heftiba
nh31FJL-ZBs,eberhardgross
sgfnA52sZ9E,anniespratt
8l_z5B12M7Y,chuttersnap
v_yeUb8gsMs,worldsbetweenlines
hjTWfyJnpog,anniespratt
oH-ty8pv8II,heftiba
-h53wDV4SF0,anniespratt
vUFbuUGEVi8,anniespratt
FvFjSvpDiSQ,eberhardgross
PlVXUUeqeus,rpnickson
QNVHlnJohVU,lucabravo
6-BNtLJrNgU,anniespratt
MOJ4P-omCkY,anniespratt
BfrGpN3tUaY,eberhardgross
ZtDSAhMQW1U,eberhardgross
ZSv-C3tCR0E,anniespratt
M9jxxkzrXMM,worldsbetweenlines
XWacNTkZWkg,anniespratt
Yj2xaiVOHC4,chuttersnap
iJzojRY0Dv8,jeremybishop
0h4LzK9uwAE,plasticmind
PIcRWbiA73E,anniespratt
MWQAl4usqH4,eberhardgross
j1U22mhmD3Y,worldsbetweenlines
JlpOF2UMsIY,anniespratt
NxOChrEmPf0,yespanioly
I9yqJMOzdUk,eberhardgross
osg-gqCxCus,joshuafuller
mpl98DLvnQY,joshuafuller
yr4IjhKCo1E,anthonydelanoix
m-ZemAIkXlE,jakobowens1
_XHphe2atWM,worldsbetweenlines
zMhnN9FpDBE,nathananderson
zGSch94aKT8,clemono
rMhG9ThJXQw,eberhardgross
0VD9TGRVrBs,jakobowens1
DvHWP8iVYHQ,eberhardgross
s-OKc6XF_7Q,anniespratt
iFovGf86HsM,cosmictimetraveler
5qxJqftOYUM,chuttersnap
5PAJn8MsT_o,plasticmind
KrNuV_xJJWI,eberhardgross
SdSc4sWVMRU,ugmonk
Fu_WwKclRjE,tkolczak33
R7FuUorDAHs,worldsbetweenlines
VABTM9vmjhU,jeremybishop
Ap0r7zr0qNI,worldsbetweenlines
MTuLK1zueH0,chuttersnap
y2KdY35a0Jc,worldsbetweenlines
K4YhOR-LYOs,johnprice
umr1gGpu5M0,anniespratt
QNBbeVGHyKI,eberhardgross
Megz9vg7tTU,worldsbetweenlines
nQbaizoO5ew,anniespratt
2BoY-CIi2Aw,anniespratt
SoMvGaef6Gw,heftiba
7pMTQP_kIhg,worldsbetweenlines
HodO28NEcLQ,heftiba
cm_H6Qlun74,chuttersnap
bo657iLQSrc,jakobowens1
JPx3K21fLkg,anniespratt
hdUlUlh-lgM,eberhardgross
TPtOlSRD7hc,joshuafuller
U5pTkZL8JI4,eberhardgross
CUh02aWy1Mg,joshuafuller
eUs04ihWZMU,chuttersnap
6Fy2wQaR03k,anniespratt
44oFcp01cVU,asoggetti
m3Y3A-jGY74,eberhardgross
j18EE7RtnvY,eberhardgross
CjClCLs0Elo,eberhardgross
memV3qbQAoM,eberhardgross
KZo4Uu1Qzkg,eberhardgross
Q89uZlBQ9pg,asoggetti
M29J4z0v0Dg,anthonydelanoix
e6Fi_FBMfY0,drew_hays
9FO9Gb79hVQ,anniespratt
RXC1JPykj0U,anniespratt
ur42DUcvw-Q,anniespratt
zSXtZ_Ij2N0,heftiba
ISUB1vUFFfI,anthonydelanoix
kcolRj9wnec,ross_sokolovski
h4D00rMh8cA,anniespratt
NRfoGWrg2sg,drew_hays
9R7voH34evo,anniespratt
HZ4q_qtS2s0,eberhardgross
0iAxBDECbaE,anniespratt
VvhCyZ9jRx0,worldsbetweenlines
SSUM-C3w0Ik,eberhardgross
_8xbFVl8ldU,eberhardgross
sxDngjIWa8M,anniespratt
WMyYABAnS40,anniespratt
99qs5OoNj7s,anniespratt
CYv1lhdie4k,anniespratt
RL-m2FEXIIo,worldsbetweenlines
GKiypbT1CWs,anniespratt
vV-GtPHCgb8,worldsbetweenlines
KVop5U_VzRM,eberhardgross
lhw12joslos,jakobowens1
5ui0tfMC5ts,rpnickson
8Id1vYJ0EGA,chuttersnap
0-DzdeXdejU,anniespratt
qDEpYELCJhM,anniespratt
bqK6PoDDqnk,eberhardgross
8caEQy2h4ys,heftiba
9Xfn1rEpL0c,heftiba
Ae0JXUayWzs,nathananderson
upg_Mi62GOg,nathananderson
bZO84Q6lTzE,goodfreephoto_com
zEZH7NNtNRA,eberhardgross
CB_NkZL4I98,lucabravo
Fx9O8zKfz9w,macphun
ALXBUzVcruQ,cosmictimetraveler
RFkdK8pFsKE,felipepelaquim
79lvXpBnvF8,anniespratt
_VzCIgYt_j0,eberhardgross
OPSus5S_6rc,anniespratt
KgtpCAt5IDY,rpnickson
m7HED9HHfT8,eberhardgross
9AzUka-0gTg,chuttersnap
W7iCXETqcqc,worldsbetweenlines
U82NuBp-xic,worldsbetweenlines
nOfMXvdfgqg,worldsbetweenlines
Trb_7UoNyhw,eberhardgross
w0g_VcoMdfk,rpnickson
rg5qwjARSvg,niklas_hamann
DS-5gJa0kic,anniespratt
wiP1ZnooDPY,joshuafuller
zn3UyVx9tzg,anniespratt
QheWOfwEUio,chadmadden
cCnWdyYwNn8,worldsbetweenlines
iEkQbImjWyg,niklas_hamann
yOyacO7gWcw,eberhardgross
t-0bOA0I-5U,eberhardgross
oXUEUEVJgec,anniespratt
wLp6nZ602ns,kimsondoan
hiRxXozC84U,nathananderson
kLluCDjgoPI,drscythe
-b99oOqVJo4,joshuafuller
17_tB-oI0ao,asoggetti
RPiDswheFzY,torbjornsandbakk
M-52SPN77Bg,ychemerys
8t-HbkmI_ys,kimsondoan
ygyuc6dRYK0,worldsbetweenlines
C_O-n5wAwH0,chuttersnap
1BAIlHzAQAg,anniespratt
nRDjLxvexjA,anniespratt
dmz8DnP86Yw,johnprice
j7nXZpKdJB8,worldsbetweenlines
vvZFMA0yy9c,jakobowens1
_6soQim3P_w,jeremybishop
_e8bdUdZFis,jeremybishop
Tz4ClhSLlBU,chuttersnap
tW1ASdyS_yk,trails
U1AKi_8Idig,eberhardgross
zWCUF5pTIM4,anniespratt
7wmi235GscY,nathananderson
FT92E15rZuo,nathananderson
d2lVZcziXho,anniespratt
YU66jLwBx3g,anniespratt
U_BhfVLRKF4,eberhardgross
RC1li9DyahM,borisworkshop
HWwF4OnXAdM,borisworkshop
OD9nNRAyVTY,jeremybishop
t_hh3JZfuak,eberhardgross
mYBMP8pW4uQ,claybanks
Nhw8560tDRE,worldsbetweenlines
KSvHFcWYGAg,anniespratt
fnzmi8olu8c,anniespratt
-Fvz2Rg9rtI,worldsbetweenlines
qjNZm7DqXFA,anniespratt
v5qZ8VnPamg,eberhardgross
auNG5QHryoQ,eberhardgross
-Lw2B_Uc9RU,joshuafuller
oQVpLmHmyKQ,anniespratt
6BC76DCBb30,devintavery
0k5PSPSWFr0,worldsbetweenlines
F_EHJLXga2w,jordansteranka
GdD5WupY3SU,jeremydgreat
_lwDDwrli30,worldsbetweenlines
w9SMSrezuB8,anniespratt
KQ6sO8m1ZDE,anniespratt
Mcbr7VsDgqs,chuttersnap
VVsST_cqIcY,jeremybishop
QOL_z56Q69I,eberhardgross
_L3WyzKRD6U,anniespratt
DGrwIMzsQg8,jakobowens1
wQotQ-MP5Qs,anniespratt
u6uvXb7ALrM,asoggetti
XwnHs-cinQw,anniespratt
CSGd1ZwQiqI,eberhardgross
okguyPFTmiM,nathananderson
-daG1Gw7j6M,anniespratt
AT6HgNn7Jm8,joshuafuller
D984SpY948M,anniespratt
1nPPNXTMcjk,anniespratt
-z-7576DRPM,eberhardgross
fKFa6wSdtMI,nathananderson
q_yOf-M4_rM,jeremybishop
UVAT5TF-W08,jeremybishop
urUdKCxsTUI,anthonydelanoix
rg4kZupYFM4,clemono
jjfbuviRuv4,joshuafuller
a1-822HIfAE,anniespratt
bRGBzGh6YFI,anthonydelanoix
Z6yN7aaER3Y,anniespratt
Fz56lw7Q74s,anniespratt
8dAIUKFMyIs,anniespratt
tgai-hzeIzo,eberhardgross
YMJ1IiItvPY,anniespratt
vbwwmtY6KzU,eberhardgross
-4WLn9giArE,eberhardgross
QGGflC3gIzU,chuttersnap
2gNx4aKQYvY,eberhardgross
I9xlEyL279g,eberhardgross
uJwcVTuy5Ys,worldsbetweenlines
T92YFbo07-Q,rpnickson
7L9a1fmsEpU,lucabravo
1ebnqIz-lNM,plasticmind
lWAOc0UuJ-A,lucabravo
uYaAikd4qAk,eberhardgross
eY-RP_edzeE,eberhardgross
fbAnIjhrOL4,anniespratt
OQKQzw4o8cU,nathananderson
42BrRL_xejU,nathananderson
dJV2duG--wE,anniespratt
bmUCLerY7us,eberhardgross
SMm0NZd5iZ4,worldsbetweenlines
V_wCsIWyjXs,chadmadden
xAfoeVYbcow,eberhardgross
hCwNogQlz-I,anniespratt
bAc7kzkiFoE,anniespratt
DytX8CfMx6g,anniespratt
cZdbuhNM1Cc,chuttersnap
02T6r1rCHjM,worldsbetweenlines
Kj0F_8ZO2Yg,drscythe
RcWRRt4-qAA,anniespratt
kQnHr3mzq0Y,heftiba
wcKU9H0E_Zw,eberhardgross
0X-Jl-kGl_Y,nathananderson
sUUsuL5YGfc,asoggetti
om-kOK1T_Og,chuttersnap
NbhN98KILR0,chuttersnap
kkd86qtZB8U,anniespratt
Ygif7iRkHW8,eberhardgross
QYU_U2wXxig,anniespratt
qtrbg5XvsfM,anniespratt
Y27dKA8fj9Y,heftiba
mc4jflK_o4U,jakobowens1
IXO5G1jR4h4,chuttersnap
fRtcRdU_f24,anniespratt
5wFcCUT9THY,rpnickson
xitDZL2SOw8,eberhardgross
haaz_m3ieTw,anniespratt
aiPNwTMomso,worldsbetweenlines
fqLksuhj-tk,eberhardgross
agpGm6ABxhE,eberhardgross
nUZBAButMLA,anniespratt
6yPKjoU1x_s,anniespratt
34VQ3v7MiUs,worldsbetweenlines
6G9RMWqcOEA,worldsbetweenlines
1KQpSHI461Y,jakobowens1
N1F3tRjSTuw,anniespratt
VIfHn6CIXEc,eberhardgross
IhDDZyvwwC4,claybanks
AFgCz1MlRXI,trails
NADZuKJxNf4,worldsbetweenlines
uhM2_ghZERY,eberhardgross
7rX34FbkrSc,anniespratt
iKVGWw6DgRg,anniespratt
UgSUqfKlmAU,anniespratt
44f81niLM0A,anniespratt
AbnkxsF0XrI,anniespratt
BAV1GHErBmU,anniespratt
o43-hqT6g9o,worldsbetweenlines
0fXVQP_KdFk,anniespratt
6qRpAg4pPEU,worldsbetweenlines
-AbeoL252z0,worldsbetweenlines
UFaOtAYCukw,anniespratt
yu6V2zc1eJo,worldsbetweenlines
qeqU-GG1cfg,eberhardgross
zVGOBNC3pj4,jeremybishop
8iddryOJxW4,worldsbetweenlines
wH3POmZAsio,asoggetti
omc4beAPzC8,anniespratt
HnV6Ew7a-Jg,anniespratt
pASJ2MNu5SA,anniespratt
OLeDXwZ66zE,anniespratt
PD_bO4SF8pA,claybanks
XPraChyTx68,cosmictimetraveler
Cxsmnmfxjxc,anniespratt
VJTmFSendQ0,asoggetti
NTEtPNA9F6I,worldsbetweenlines
LDSdMpCXuSU,eberhardgross
OL0N29kz7II,anniespratt
XXzDRs4TR-8,eberhardgross
5ywN3hhF474,eberhardgross
obeZgk3B2Z0,eberhardgross
37ZuGYD3JOk,worldsbetweenlines
JX37eQQZ_MU,eberhardgross
qjSyQqqzKMg,plasticmind
ntX0UtRAMTY,anniespratt
f_bZb6scMDk,ross_sokolovski
7rrgPPljqYU,clemono
W341a11Rt1g,borisworkshop
mnvUDU7D97E,eberhardgross
OQwjEN-YwlQ,eberhardgross
NSGQCVdSrNM,eberhardgross
jCL98LGaeoE,eberhardgross
1ElilpU-1Nw,jeremybishop
E-4r-nuN0PE,chuttersnap
cBDbj1LF3Qs,rpnickson
BFM0RBaKO5M,anniespratt
9YvdCHYo1RA,eberhardgross
ucpub8SXgdo,eberhardgross
beraptQwJt0,anniespratt
5C4KMaFXVTA,anniespratt
04VqnOF96V8,anniespratt
WmkQZSkrOG0,anniespratt
IXu3-ouFHiI,eberhardgross
R6CDKCt0Qys,nathananderson
ccTuLk6nNO8,nathananderson
qxHrCndBq5s,eberhardgross
uLhkYjOLA8M,anniespratt
a0gElGHO2eg,eberhardgross
yQESAR7SnLI,nathananderson
xP64S622JW0,chuttersnap
ss83t9cWZd0,eberhardgross
a6FCgHrAkKw,eberhardgross
ekVOP7cfPQ0,joshuafuller
aGmLdzQ9TxY,anniespratt
WUA9vptOlac,trails
PhpTxWLuQ1I,eberhardgross
SPOkmXi0sHE,asoggetti
SJK01GnfZG4,kazuend
9y8Dt6xW5SY,worldsbetweenlines
tE7HjfSVn9c,heftiba
wvAuNXAcY3c,jakobowens1
cSWtkujlhNA,jakobowens1
Z7qSbRSxyw8,eberhardgross
SRoqaeEb7Nk,claybanks
ZbvHaiUwVfo,heftiba
cGUbzDqLCyg,anniespratt
WkIzCGzbfd8,asoggetti
DTmwF_L_SQ0,worldsbetweenlines
6pOoFqIEMR4,nathananderson
arOA3Q38OEY,asoggetti
9gx_Yy1Eqfg,worldsbetweenlines
tOng9unHvxQ,photohunter
0rPV2_Wr-JE,rpnickson
lMSozvjQ_4g,jakobowens1
gBUyfLDGaow,anniespratt
nvNx7UFgFdQ,eberhardgross
tHTKMBMmidA,anniespratt
9GFLGvUQ7Qk,anniespratt
aXs0W48kXaM,anniespratt
37asHHaTc_E,anniespratt
1whm4uDjX4w,niklas_hamann
ldYfXa12VRs,eberhardgross
kb4pRbbwNi0,torbjornsandbakk
siHk8IfK_Ec,anniespratt
cWamNu1dZtQ,claybanks
_qXiOlykvgg,worldsbetweenlines
pcRxVU-YeN0,joshuafuller
OCLAokpNvwA,eberhardgross
oRFBEEQG9aU,worldsbetweenlines
WW9Kxy1VKDU,chuttersnap
2pQKwi5r2Yg,jeremybishop
yZSp7crHtKg,anniespratt
WpwHJZoSAC8,eberhardgross
fRdi0Ed-gy0,jakobowens1
wzZJWkSofio,anniespratt
47g-IDWhlCc,eberhardgross
mO-IcVBVaIY,worldsbetweenlines
vVBRCRCWkbA,anthonydelanoix
IfsvDZBSeWc,lucabravo
NrflUuJJK0I,anniespratt
x4CoNitOUKc,anniespratt
D5HcvD3a6uM,anniespratt
igHVxaE6qKE,eberhardgross
CppeXMnPnlw,claybanks
hF4xAjKMXSA,eberhardgross
bHIbZ54an6M,eberhardgross
e6Fb5oG3bek,anniespratt
a0z94OLZcuQ,nathananderson
H5X-6weqoSo,chuttersnap
Jx_mf9K9pOQ,nathananderson
l6v7bXCklGs,anthonydelanoix
Fy1UlOIKBII,jeremybishop
jwraMZtxBHs,heftiba
24IACrkkG50,nathananderson
OgoCiyXSwUE,nathananderson
eo93HAoalwQ,jeremybishop
jE2oSbUBmrk,clemono
ECpIDNdmO7k,eberhardgross
M7CWtla_8vE,eberhardgross
kOlOgzBCFBE,osmanrana_312457_sink
oKA8kDSZpCc,clemono
Fi2mEeX0Ssg,worldsbetweenlines
MUl1O-vya7A,eberhardgross
h-cjqxhB5DE,clemono
hHfZTOvuM28,eberhardgross
J72ECtbwe4w,trails
jbVSLUmzmDo,anniespratt
Rv7ch2y6AOQ,eberhardgross
LhDWW8PhPoE,cosmictimetraveler
LSUuu25azuM,osmanrana_312457_sink
keCfMz_BPiY,chuttersnap
irITur8e3G8,alwig64
rp9hx2htHaI,anniespratt
qV16cq3T420,anniespratt
Bt_hazqan9c,heftiba
IKw_--J6k3U,anniespratt
xXVUgTPNoWk,chuttersnap
1AAa78W_Ezc,chuttersnap
SKf6puU2BV8,chuttersnap
v6erakFiNNU,eberhardgross
2cgAJYX1lYM,osmanrana_312457_sink
A-yyKqzxCJM,torbjornsandbakk
MGH42D4fXb8,niklas_hamann
DkCdcH0RxcI,chuttersnap
nyp3K_TqURA,cosmictimetraveler
bZH1OzaOvlM,jordansteranka
elkQklUnHk4,eberhardgross
joBnSa-CmXM,worldsbetweenlines
swT6oKbs4Ns,niklas_hamann
RA0nfU_AOCY,worldsbetweenlines
HKgOjt-xP0I,trails
-lrmiDMsCN0,eberhardgross
y0V7dzUfKMI,anniespratt
cJceDU0lvEM,eberhardgross
WGVix0s9kzo,worldsbetweenlines
QUx1qvBS7EY,anniespratt
0VDKza7MLSU,anniespratt
pSriQjks71A,osmanrana_312457_sink
94DTUfKqAr0,worldsbetweenlines
QK2tgAueaEk,anniespratt
txazkA3t8sM,anniespratt
-LNEElbY0iA,heftiba
mcjpMVnI1y4,worldsbetweenlines
21BKeE0Oo40,anniespratt
P1mx4N6YHxo,anniespratt
Me1357Mv1aI,worldsbetweenlines
AAfpTcj7wt4,joshuafuller
dqgrc3v9i68,niklas_hamann
cCKsYlUws1k,worldsbetweenlines
BuDi-3GNS8E,eberhardgross
O1Y6oFmfJcI,kazuend
EBrA7QooOpw,worldsbetweenlines
lfvGjlQy22E,anniespratt
ADkSHwhLuU0,azntaiji
ZtEB4cwsOA4,jeremybishop
TWYrMnFTjjk,anniespratt
MRuPJsci4Lk,worldsbetweenlines
0SlRoqqEF2Y,killerfvith
LVdiXyu2eTc,kazuend
UtXTia1UR5s,worldsbetweenlines
G4DS3bk707U,eberhardgross
6aSNGutTG7A,anniespratt
Wx0OILjrWMI,nathananderson
B2Q7UC6QGLE,jeremybishop
fj-ClVl_VIY,asoggetti
XyUwguU5HgU,jeremyperkins
WwW6SSmwAI0,anniespratt
pe5MN9AekMU,nathananderson
f4OFym_1JsM,eberhardgross
nGOF86liuBw,anniespratt
QkvhxA0wul4,eberhardgross
2pBpO-zsXMw,heftiba
_wEOsbtoiX4,lucabravo
KGgoSn-YUGg,anniespratt
Y59DkFRRTfM,rpnickson
7gRm09bpK9k,asoggetti
ixC7gmLcKaQ,trails
c1DzRfUdG0g,jakobowens1
24aojHM66-s,heftiba
C1v3N2vcYKU,yespanioly
8Yy5udPtAUM,lucabravo
7u8ZY8upWdg,eberhardgross
Dz1wbecnvhQ,kazuend
RkmyeYA6xuE,kimsondoan
DFsC7b6YqNY,jeremybishop
S7ChB4FBboI,plasticmind
sAZFkXLMtHI,anniespratt
XiDA78wAZVw,anniespratt
j4tfrHP_8hc,worldsbetweenlines
eS7HrvG0mcA,nathananderson
AZ1vraRuCyY,anniespratt
d5yXT7TClqQ,drew_hays
KIDXSrIwoBI,plasticmind
YV2Nchv9pd4,azntaiji
5kBocXd0E0o,nathananderson
xxV9bfG1r-M,anniespratt
GxJKG6adI3g,jakobowens1
zvqm-lkh_4s,jeremybishop
h--EvPnOGjY,claybanks
UTQmI7QMTuI,worldsbetweenlines
UgpQ1Aq-xsI,jakobowens1
UyPm_o9Ua5s,eberhardgross
gvAnW_4KpyQ,eberhardgross
NB1pC3CeoMI,anniespratt
IlHWweSu864,azntaiji
MxAiNRwmVEU,lucabravo
pTgMXg2WrHY,nathananderson
ImmeHTdmXeQ,anniespratt
iInLStbPikk,jakobowens1
0IRZLhUkgys,chuttersnap
5Oqzc_gFpBg,anniespratt
IAIj0XJMfJo,eberhardgross
sP2gw9nS6Vg,asoggetti
PdNt1ZAWhXQ,eberhardgross
nGiyi8N8-wU,anniespratt
KROQ781IiFM,eberhardgross
9XrYUO8laY4,torbjornsandbakk
Y5A7q2NnfcY,eberhardgross
H5Xi6B-1BXc,eberhardgross
1rkWwZXMHiI,anniespratt
JmH3ZoJgpac,joshuafuller
NoprthDPPco,eberhardgross
bkQrnahHF8k,anniespratt
4Wlvdh9cnKs,anniespratt
_QgM68Be7sg,eberhardgross
wmm_ziPairo,niklas_hamann
wRaPah6fRn0,anniespratt
JfGqveq0C30,worldsbetweenlines
Wh_KgvIxa2E,anniespratt
WrdyqfZTMjA,anniespratt
uZMp00CaiPA,anthonydelanoix
etrym-ApBuI,asoggetti
3Z_Q1ISqAgw,anniespratt
rJeuNM5ZFMI,rpnickson
s-2lKeDyidg,anniespratt
4kv4odtKd0U,jeremybishop
4bxVI73bvEY,worldsbetweenlines
AqfGVY5oYAk,anniespratt
-wqCp_SZ7ls,worldsbetweenlines
lGCfApDzhYw,rpnickson
X65NbvkMX1Q,eberhardgross
SrwdJyivv8Y,worldsbetweenlines
OSbw1oA6Mjo,lucabravo
LlbMdkGO1uA,anniespratt
zDail1-LIEo,anniespratt
aGWsrEgx6dI,worldsbetweenlines
_7tXk6nJgvA,jeremybishop
NO36Q_xHbrI,jakobowens1
OQkKDWnOYeE,worldsbetweenlines
zP0kPMSuAI4,yespanioly
jcbzD6zEBY0,eberhardgross
IBxiZlnbH6o,eberhardgross
j-cB6FHstww,jakobowens1
tAAjP_sG_RA,eberhardgross
GyFn1kddkXw,worldsbetweenlines
gnbnMeqEqv0,worldsbetweenlines
hGGr64QBOyQ,eberhardgross
5fsZ4ocgnpU,chuttersnap
I5HS4mpdH8E,anniespratt
W-3diBloKvs,anniespratt
_rZrkLPKPcU,anthonydelanoix
XPaPnTScm-Y,rpnickson
KDDUPAySVN4,eberhardgross
G6ntxf-QoSI,osmanrana_312457_sink
6ELMRvIuJ1g,chuttersnap
LmqySFs3TQQ,eberhardgross
vYt359Xz8c4,asoggetti
BXVN6udSuBs,eberhardgross
N46IkbWUvMU,anniespratt
GXB27Re-jys,eberhardgross
91RsPnaX6qk,asoggetti
LkIb5Fnevis,claybanks
AHZYMblRprc,rpnickson
mcUVoqtEzF0,joshuafuller
Mm0EJOz5lAQ,anniespratt
ycF8akmJ_RU,heftiba
fhsjnWtyMtU,lucabravo
r4qFbJXsR9c,eberhardgross
tIPPRZGsRpk,eberhardgross
EcsdAlwpmrw,worldsbetweenlines
zWOwJ7Dpxcw,torbjornsandbakk
h1_ILkb9tLo,rpnickson
ych0OiKpXJU,eberhardgross
4Tb3AXkkcag,eberhardgross
gRPLMaT4AA4,worldsbetweenlines
n4o-Bx71I08,eberhardgross
pCH8usqjl44,eberhardgross
ifwDtr-5exg,anniespratt
UiUWb5caNis,eberhardgross
5qFSC2OYwr4,worldsbetweenlines
Zfc5m5lxDJQ,anniespratt
ZVM4AlMU6IY,anniespratt
kKGpz5brrfI,anniespratt
rw_KWqLkQ7I,tkolczak33
cCthPLHmrzI,kazuend
8fcWFnO3ZyA,nathananderson
84xB-YwhnIk,eberhardgross
KNczrAYAlZk,niklas_hamann
omahHIDpnO8,eberhardgross
lZoV-QvRfBE,anthonydelanoix
nEJ50HJpQRM,eberhardgross
ZCnd19y2E14,chuttersnap
k7oU5bHFDFE,eberhardgross
_C3xxNBMwvI,worldsbetweenlines
HTI9tpZQRP0,eberhardgross
1dnK-j-difg,eberhardgross
Bmdqm6RADBc,eberhardgross
2bpKjY8tuSI,joshuafuller
g89TD5doC5M,eberhardgross
iHeymraGXvk,anniespratt
h4U410R5oos,worldsbetweenlines
jab28lxz9RY,devintavery
bMPm4BWtntk,photohunter
dSZQC7vVf5M,anniespratt
K-tnyWHS504,worldsbetweenlines
WquLr1q8pUw,lucabravo
POtl31yIzGo,anniespratt
yGKQKaKzcuA,worldsbetweenlines
06kkjJ98Izo,chuttersnap
BfOAfXIq1rc,eberhardgross
q8rHA5FEatI,worldsbetweenlines
1SRt8AI-feQ,eberhardgross
CMdQcxsWZE0,theheartdept
eqt8gFwo5C8,eberhardgross
QOcNoOJKT10,eberhardgross
hij-0vCatJo,worldsbetweenlines
dQIcaRtNZtQ,anniespratt
82NWNb5AGWc,heftiba
eOcwZNp3LLo,claybanks
0ASyt0Opn1k,anniespratt
wRSZvWiylF8,eberhardgross
XsdYFvXN_b8,anniespratt
ObTN2WcS7AY,jakobowens1
EheKbIZ8oAw,chuttersnap
ivU6tleiHN4,anniespratt
-WHxOt8JK5w,anniespratt
LM-L8uDkkJU,heftiba
t_VAvlLfTJk,joshuafuller
k8N40iqa91E,anniespratt
BrfCiLC7Grc,anniespratt
t2UVzsLUJAs,chuttersnap
09DqMECw1BI,cosmictimetraveler
in-vFikVTWA,anniespratt
r1lcg46oaio,nathananderson
49EKj06dQCc,r_shayesrehpour
HzNNbeGmJko,anniespratt
SkMVh-PGqCo,eberhardgross
Sh1vxgjXqF0,ychemerys
TMHL7wald8I,eberhardgross
MsheFbkq4HY,anniespratt
FAutKFEWW2E,eberhardgross
CON1LkrjptE,anniespratt
0zh-aIFfDhE,anniespratt
qdjP-fKNlJI,worldsbetweenlines
6G6Q1I-QW8M,anniespratt
2Fs6MBBeayk,worldsbetweenlines
Cwo4iiZ5eDY,jeremybishop
6wx3v6Mkak0,borisworkshop
P43nxvIHnag,anniespratt
w58L5M2IAm0,eberhardgross
vZZqktl4w7Q,worldsbetweenlines
MYbaRJyR_Iw,anniespratt
eyB95KJ2zK0,anniespratt
Yc6gRT4PiGY,anniespratt
eEYR5RpnwNo,jeremybishop
b2Q8xCmcsvk,chuttersnap
sQVvgkLKWBk,anniespratt
6MHBHvc1-_s,anniespratt
-rWjydNhATw,killerfvith
PfxjrYOd3pc,cosmictimetraveler
9DHyVy-G1rM,plasticmind
kqlj0cldg-Y,worldsbetweenlines
4uetpEShZGw,nathananderson
y2azHvupCVo,eberhardgross
kfAYZsK_5m0,jeremybishop
gRHEt2kF3NU,rpnickson
6nxLS-0rktg,anniespratt
VpmE7AbDg0A,chuttersnap
tkNc3N7UBh4,joshuafuller
ouVQwCBlQ9E,anniespratt
CpsPqr38PxM,jakobowens1
5f6HmW4NR8I,anniespratt
SEmsNX-FtGo,chuttersnap
3M4tHVJ_7-Y,worldsbetweenlines
8SXaMMWCTGc,claybanks
B7_38PWgsXM,anniespratt
VFjGgIGNWlI,chuttersnap
yvqu5kiGUrE,worldsbetweenlines
vlA_C_HTc1A,worldsbetweenlines
ZZYaTMuxFwg,anniespratt
swkcP16OfOU,eberhardgross
RkuRHfcTNGY,anniespratt
b1ovoL_F1S8,rpnickson
4BvvvgTBObw,niklas_hamann
qCZzNKXcuO0,chuttersnap
3a2A6SkuN8g,anniespratt
R5_AaONccxs,trails
iOdOkX1yCMM,michellespencer77
HJ33Vyevx6E,photomattjack
nrzFZ3UBJ9o,anniespratt
B3hNQbPSg0I,jeremybishop
EKhRc_ymjh0,joshuafuller
NLZdDzplC8c,worldsbetweenlines
9JmJ2Jh4JsM,anniespratt
WLUftUpk_5c,anniespratt
2BZ0CSh-VrY,jeremybishop
gyH7JOPbVJg,worldsbetweenlines
9QF90iLO0q0,joshuafuller
zMct-fQxEtA,heftiba
tcR4hHSDh7g,heftiba
_PsClD3drUY,anniespratt
0PcviOM6MJ8,eberhardgross
jhbUpRpilyE,jakobowens1
kJzRsTQiTZM,jeremydgreat
nbefYYof_ec,lucabravo
jpn7zekH2S4,nathananderson
nXNORZnWu5s,eberhardgross
IpFsnscCohY,photohunter
emauZ86g85g,jeremybishop
SS0OxaTEdhc,anniespratt
PDXUR1UXbFI,chuttersnap
LAZX9pMx85E,eberhardgross
O7K8_o0KVjw,anniespratt
Ch80_uerOEQ,worldsbetweenlines
-isw4ET_gsQ,anniespratt
BK0FjogYpoY,worldsbetweenlines
OxTT6kZs_gU,anniespratt
YJMtxGVXMuc,eberhardgross
Qyx-NBAOz_4,anniespratt
2kSZ19vYkKI,joshuafuller
YnT7Q0OcJ0U,chuttersnap
6jc6d89p27I,anniespratt
z_s3ULC3tTs,eberhardgross
3FDNIEAT6Qk,trails
GvGOUp2pXpk,kazuend
d8FjB1_8xHQ,anniespratt
xP-a1dyLhaU,anniespratt
so_95pwK6k8,jeremybishop
H5tJ-Keefgk,eberhardgross
hS46bsAASwQ,anniespratt
dB_Lbh-4NoE,nathananderson
N6lirule7bg,anniespratt
X9S1w9KDaHk,claybanks
3OeUD6_-I4I,worldsbetweenlines
C00JdIPgJ60,anniespratt
umCRdEdgDuo,worldsbetweenlines
uPPt6GzwgiU,worldsbetweenlines
p1Llw1hjVwY,jakobowens1
88Sx1H991w0,lucabravo
eLZUVyRz2PE,niklas_hamann
eh-k6Bl1v7c,eberhardgross
ZN5YW-HLGMo,chuttersnap
AOvA3C7lxD4,anniespratt
7JVVnuoabKI,anniespratt
1znndlyYTsU,worldsbetweenlines
vPXKPWyDpsg,anniespratt
mLVdkJCOick,eberhardgross
JqOvq9ypB4w,lucabravo
NUHuaz6ajyQ,eberhardgross
wAeWy54vqh0,jordansteranka
cv2aRMNUGoU,joshuafuller
PFdADjBd15M,adrianpelletier
VU4OVIb1LqE,eberhardgross
5-OehnzzexI,anniespratt
j22VZNXy7ig,eberhardgross
D2gwGrQhZQU,nathananderson
XozrPLL0M9M,anniespratt
IfAOLvOI0Oo,eberhardgross
0ex5ixoTnRw,worldsbetweenlines
OOS6bEK6QrU,claybanks
QIbkn3YuUEQ,jeremybishop
FX3SDwf9vqo,joshuafuller
Xs7q9fUNbE4,anniespratt
FBdydDUDXHI,heftiba
